Model,Accuracy,F1 Score,AUC
Logistic Regression,0.827,0.6490872210953347,0.8696715949887902
Random Forest,0.96,0.9236641221374046,0.9941254600016975
XGBoost,0.885,0.7713717693836978,0.9442755066884372
